DATA;USD/PLN;EUR/PLN;GBP/PLN;JPY/PLN
09.01.2018;3.51198;4.19186;4.75549;0.031183
10.01.2018;3.494;4.17518;4.71933;0.0313652
11.01.2018;3.46145;4.16711;4.68644;0.0311188
12.01.2018;3.42085;4.17004;4.69884;0.0308139
16.01.2018;3.403;4.17069;4.69191;0.0308106
17.01.2018;3.4241;4.16577;4.72811;0.0307502
18.01.2018;3.399;4.1607;4.72234;0.0306089
19.01.2018;3.41505;4.17314;4.73412;0.0308261
22.01.2018;3.39848;4.1669;4.75252;0.0306364
23.01.2018;3.38865;4.16721;4.74468;0.0307264
24.01.2018;3.34773;4.15274;4.76742;0.0306601
25.01.2018;3.3486;4.14338;4.72586;0.0305376
26.01.2018;3.33148;4.13735;4.71347;0.0306447
29.01.2018;3.34855;4.14635;4.71175;0.0307222
30.01.2018;3.35194;4.15817;4.74349;0.0308179
31.01.2018;3.3455;4.15255;4.7497;0.0306371
01.02.2018;3.32177;4.15361;4.73814;0.0303443
02.02.2018;3.34585;4.16934;4.72471;0.0303877
05.02.2018;3.36053;4.15892;4.69413;0.0307928
06.02.2018;3.35685;4.15688;4.68546;0.0305987
07.02.2018;3.40335;4.17041;4.72097;0.0311163
08.02.2018;3.42265;4.19196;4.7648;0.0314713
09.02.2018;3.4193;4.18355;4.72743;0.0314207
13.02.2018;3.37374;4.1665;4.68432;0.0312877
14.02.2018;3.33581;4.15444;4.67181;0.0311828
15.02.2018;3.32335;4.15451;4.6837;0.0312961
16.02.2018;3.35182;4.15838;4.69758;0.0315333
20.02.2018;3.36368;4.14931;4.70787;0.0313421
21.02.2018;3.3984;4.17176;4.7267;0.0315385
22.02.2018;3.39045;4.18032;4.7317;0.0317663
23.02.2018;3.39538;4.17374;4.74136;0.0317679
26.02.2018;3.38534;4.16847;4.7276;0.0316366
27.02.2018;3.41046;4.17299;4.74393;0.0317692
28.02.2018;3.42485;4.17609;4.71139;0.0321118
01.03.2018;3.41225;4.18837;4.70119;0.0321615
02.03.2018;3.39937;4.19116;4.68788;0.0321577
05.03.2018;3.39605;4.18883;4.70133;0.0319722
06.03.2018;3.37064;4.18682;4.68431;0.0318978
07.03.2018;3.3901;4.20738;4.71266;0.0319432
08.03.2018;3.41415;4.204;4.71626;0.0321211
09.03.2018;3.40685;4.19253;4.71719;0.0318925
12.03.2018;3.40852;4.204;4.73919;0.0320333
13.03.2018;3.39805;4.21145;4.74714;0.0319069
14.03.2018;3.3961;4.20039;4.7423;0.031941
15.03.2018;3.42322;4.21268;4.77071;0.0322061
16.03.2018;3.43204;4.21761;4.78486;0.0323744
19.03.2018;3.4242;4.22376;4.80239;0.0322908
20.03.2018;3.45434;4.23005;4.83659;0.0324257
22.03.2018;3.42676;4.22192;4.8365;0.0326813
23.03.2018;3.42256;4.22815;4.83713;0.0326811
26.03.2018;3.39175;4.22201;4.82605;0.0321603
27.03.2018;3.39575;4.21293;4.80923;0.0322214
28.03.2018;3.41534;4.20438;4.80905;0.0319782
29.03.2018;3.4208;4.20835;4.79984;0.0321232
03.04.2018;3.41825;4.19422;4.80638;0.0320646
04.04.2018;3.42021;4.20091;4.81767;0.0320355
05.04.2018;3.4272;4.1946;4.79906;0.0319053
06.04.2018;3.41728;4.19824;4.81497;0.0319769
09.04.2018;3.4033;4.19363;4.80855;0.0318679
10.04.2018;3.391;4.18911;4.8072;0.0316328
11.04.2018;3.38318;4.1842;4.79673;0.0316774
12.04.2018;3.38995;4.17867;4.82541;0.0315914
13.04.2018;3.37791;4.16784;4.81211;0.0314587
16.04.2018;3.3552;4.15391;4.81053;0.0313175
17.04.2018;3.36416;4.16279;4.80766;0.0314358
18.04.2018;3.36446;4.16461;4.77974;0.0313761
19.04.2018;3.37448;4.16618;4.75399;0.0314215
20.04.2018;3.39756;4.17304;4.76115;0.0315616
23.04.2018;3.4414;4.20149;4.79698;0.0316552
24.04.2018;3.43892;4.20701;4.80791;0.0316002
25.04.2018;3.47544;4.22705;4.84308;0.0317694
26.04.2018;3.49315;4.22878;4.86112;0.0319582
27.04.2018;3.47081;4.2101;4.7837;0.031821
02.05.2018;3.57187;4.27053;4.84979;0.0325156
08.05.2018;3.60883;4.28104;4.88928;0.0330897
09.05.2018;3.59725;4.26341;4.87379;0.0327812
10.05.2018;3.56529;4.24859;4.81926;0.0325841
11.05.2018;3.57033;4.26461;4.83483;0.0326612
14.05.2018;3.58219;4.27245;4.85675;0.0326565
15.05.2018;3.62789;4.29473;4.89858;0.0328786
16.05.2018;3.61675;4.27204;4.88724;0.0327925
17.05.2018;3.6425;4.29631;4.92323;0.0328787
18.05.2018;3.65554;4.30175;4.92727;0.0330146
22.05.2018;3.63695;4.28375;4.88588;0.0327916
23.05.2018;3.6766;4.30314;4.90953;0.0334404
24.05.2018;3.6758;4.30896;4.92022;0.0336599
25.05.2018;3.7008;4.31535;4.92678;0.0338056
29.05.2018;3.7533;4.33326;4.9764;0.0345652
30.05.2018;3.68963;4.30488;4.90186;0.0338818
01.06.2018;3.69182;4.30372;4.92966;0.0336965
04.06.2018;3.65205;4.27185;4.86279;0.0332588
05.06.2018;3.6522;4.27949;4.89414;0.033252
06.06.2018;3.6233;4.26717;4.86062;0.0328951
07.06.2018;3.6234;4.27494;4.86251;0.0330289
08.06.2018;3.63572;4.27807;4.87375;0.0332181
11.06.2018;3.62102;4.26641;4.84427;0.0328998
12.06.2018;3.64355;4.27958;4.87295;0.033008
13.06.2018;3.6275;4.27832;4.85245;0.0329004
14.06.2018;3.70217;4.28462;4.90991;0.0334514
15.06.2018;3.69226;4.2864;4.90216;0.0333839
18.06.2018;3.70355;4.3041;4.90588;0.033502
19.06.2018;3.7212;4.31094;4.90212;0.0338199
20.06.2018;3.72895;4.31586;4.91317;0.0337911
21.06.2018;3.7282;4.32782;4.93847;0.033927
22.06.2018;3.70855;4.32378;4.91694;0.0337172
25.06.2018;3.71193;4.34335;4.92889;0.0338257
26.06.2018;3.72386;4.33718;4.92437;0.0338453
27.06.2018;3.7649;4.35183;4.93874;0.0341531
28.06.2018;3.7742;4.36409;4.93572;0.0341662
29.06.2018;3.74564;4.37375;4.94415;0.033837
02.07.2018;3.7806;4.39886;4.96787;0.0341019
03.07.2018;3.7688;4.39387;4.9721;0.0340806
05.07.2018;3.7225;4.35161;4.92134;0.0336369
06.07.2018;3.70649;4.35382;4.92269;0.0335663
09.07.2018;3.67263;4.31475;4.86731;0.0331321
10.07.2018;3.67585;4.31524;4.87992;0.0331185
11.07.2018;3.71933;4.34191;4.91181;0.0332282
12.07.2018;3.7017;4.31954;4.88792;0.0328955
13.07.2018;3.69177;4.31297;4.88556;0.0328651
17.07.2018;3.6856;4.29697;4.833;0.0326434
18.07.2018;3.70175;4.31037;4.8399;0.032805
19.07.2018;3.7262;4.33936;4.85051;0.0331398
20.07.2018;3.68246;4.31894;4.8372;0.0330254
23.07.2018;3.701;4.32618;4.84837;0.0332504
24.07.2018;3.6809;4.30047;4.83788;0.0331004
25.07.2018;3.66895;4.30153;4.83992;0.0330956
26.07.2018;3.68375;4.28772;4.82823;0.0331138
27.07.2018;3.67481;4.28474;4.81803;0.0331091
30.07.2018;3.64905;4.27134;4.79186;0.032858
31.07.2018;3.65888;4.27644;4.79966;0.0327144
01.08.2018;3.65618;4.26337;4.79902;0.0327336
02.08.2018;3.689;4.27423;4.80289;0.0330434
03.08.2018;3.68274;4.26189;4.7885;0.0331116
06.08.2018;3.68605;4.25833;4.77072;0.0330884
07.08.2018;3.6711;4.25729;4.75002;0.0329595
08.08.2018;3.67235;4.26507;4.73247;0.0331063
09.08.2018;3.7104;4.27732;4.75942;0.0333963
10.08.2018;3.76618;4.29444;4.8084;0.033992
13.08.2018;3.77101;4.30107;4.81303;0.0340513
14.08.2018;3.79455;4.30514;4.82736;0.0341163
16.08.2018;3.78474;4.30505;4.81293;0.0341155
17.08.2018;3.75592;4.29656;4.78797;0.033955
20.08.2018;3.75014;4.30912;4.7992;0.0340807
21.08.2018;3.70535;4.28771;4.78128;0.0336339
22.08.2018;3.68225;4.26947;4.75528;0.0333112
23.08.2018;3.71638;4.28995;4.76056;0.0333919
24.08.2018;3.67774;4.27565;4.72596;0.0330784
28.08.2018;3.65235;4.27086;4.70131;0.0328514
29.08.2018;3.66217;4.2881;4.77168;0.0327758
30.08.2018;3.68445;4.29874;4.79453;0.0331846
31.08.2018;3.70651;4.30319;4.80498;0.0333667
04.09.2018;3.72171;4.31008;4.78424;0.0333953
05.09.2018;3.72097;4.32877;4.80454;0.0333736
06.09.2018;3.72036;4.32431;4.80949;0.0336137
07.09.2018;3.73212;4.31399;4.82186;0.0336233
10.09.2018;3.7187;4.31234;4.84509;0.0334726
11.09.2018;3.71047;4.30409;4.83059;0.0332459
12.09.2018;3.70325;4.3075;4.8328;0.0332932
13.09.2018;3.68313;4.30554;4.82698;0.0329077
14.09.2018;3.70337;4.30479;4.83696;0.0330654
18.09.2018;3.67436;4.28852;4.83126;0.0326993
19.09.2018;3.67139;4.28574;4.82565;0.032703
20.09.2018;3.64299;4.29044;4.83503;0.032389
21.09.2018;3.66623;4.30703;4.7949;0.0325677
25.09.2018;3.64555;4.28929;4.80443;0.0322746
26.09.2018;3.63981;4.27395;4.79198;0.0323001
27.09.2018;3.66894;4.27035;4.79859;0.0323522
28.09.2018;3.6865;4.28036;4.80551;0.0324447
01.10.2018;3.70194;4.28495;4.82658;0.0324734
02.10.2018;3.72107;4.2967;4.82967;0.0327418
04.10.2018;3.74326;4.31033;4.87423;0.0328665
05.10.2018;3.7375;4.30707;4.90209;0.0328788
09.10.2018;3.74265;4.3027;4.91986;0.0331401
10.10.2018;3.74919;4.32173;4.94838;0.0333932
11.10.2018;3.72035;4.3126;4.92233;0.0331733
12.10.2018;3.71865;4.29787;4.89129;0.0331401
15.10.2018;3.70601;4.29239;4.87524;0.0331539
16.10.2018;3.70309;4.28539;4.88244;0.0329767
17.10.2018;3.73125;4.29096;4.88953;0.0331105
18.10.2018;3.75825;4.30538;4.89381;0.0334993
19.10.2018;3.73165;4.29493;4.87428;0.0331593
22.10.2018;3.74361;4.29209;4.85362;0.0331824
23.10.2018;3.74465;4.29595;4.86236;0.0333101
24.10.2018;3.78445;4.3132;4.87555;0.0337457
25.10.2018;3.79025;4.31083;4.85873;0.0337268
26.10.2018;3.77812;4.31022;4.84915;0.0337893
29.10.2018;3.80555;4.32818;4.87098;0.0338732
30.10.2018;3.81815;4.33093;4.8514;0.0337632
31.10.2018;3.83704;4.34251;4.9008;0.0339764
02.11.2018;3.78263;4.30828;4.90633;0.0334113
05.11.2018;3.7739;4.3055;4.92882;0.0333375
06.11.2018;3.7696;4.30477;4.93649;0.0332255
07.11.2018;3.7514;4.28805;4.92555;0.0330441
08.11.2018;3.76639;4.28068;4.92177;0.0330277
09.11.2018;3.78252;4.28799;4.90523;0.0332401
13.11.2018;3.79985;4.29322;4.95301;0.0333858
14.11.2018;3.79722;4.29623;4.93222;0.0334315
15.11.2018;3.78878;4.29022;4.83571;0.0333572
16.11.2018;3.77905;4.31384;4.84767;0.0334967
19.11.2018;3.78157;4.33128;4.86445;0.0336193
20.11.2018;3.7918;4.31004;4.8486;0.0336355
21.11.2018;3.77811;4.30137;4.8256;0.0334012
26.11.2018;3.79156;4.29609;4.8578;0.0333855
27.11.2018;3.8013;4.29317;4.8423;0.0334119
28.11.2018;3.77035;4.28629;4.83546;0.0331818
29.11.2018;3.76455;4.2872;4.8113;0.0331795
30.11.2018;3.79117;4.29225;4.83235;0.0333986
03.12.2018;3.76732;4.27735;4.79419;0.0331546
04.12.2018;3.7753;4.28189;4.8008;0.0334805
06.12.2018;3.7628;4.28094;4.80874;0.0333817
07.12.2018;3.76219;4.29253;4.79321;0.0334031
10.12.2018;3.7831;4.2942;4.75222;0.0334009
11.12.2018;3.79953;4.30098;4.74479;0.0335067
12.12.2018;3.7735;4.29067;4.76684;0.0333085
13.12.2018;3.7819;4.29542;4.78643;0.0332908
14.12.2018;3.79713;4.29195;4.77735;0.0334868
17.12.2018;3.77436;4.28291;4.76116;0.0334529
18.12.2018;3.7687;4.285;4.76658;0.0335043
19.12.2018;3.76736;4.28747;4.754;0.0335115
20.12.2018;3.74255;4.28494;4.73699;0.0336294
21.12.2018;3.77524;4.28829;4.7669;0.0339174
27.12.2018;3.75865;4.29585;4.75273;0.0338837
28.12.2018;3.75858;4.30147;4.77244;0.0341053
04.01.2019;3.76007;4.28757;4.78923;0.0346704
07.01.2019;3.74356;4.29603;4.78618;0.0344517
08.01.2019;3.75583;4.29709;4.77604;0.0345176
09.01.2019;3.72393;4.30094;4.76578;0.0344305
10.01.2019;3.73625;4.29612;4.76374;0.0344549
11.01.2019;3.74363;4.29153;4.8097;0.0344851
15.01.2019;3.76473;4.29411;4.84328;0.0346505
16.01.2019;3.7574;4.2816;4.83889;0.0344333
17.01.2019;3.76465;4.28751;4.88827;0.0344751
18.01.2019;3.77184;4.28652;4.85336;0.0343682
22.01.2019;3.7717;4.28588;4.88784;0.0344955
23.01.2019;3.76724;4.28743;4.92727;0.0343842
24.01.2019;3.79371;4.28745;4.95779;0.03462
25.01.2019;3.75549;4.28738;4.96344;0.0342914
28.01.2019;3.7563;4.29232;4.93834;0.0343626
29.01.2019;3.7561;4.29514;4.91263;0.0343443
30.01.2019;3.7322;4.28501;4.8943;0.0342206
31.01.2019;3.72365;4.26184;4.88117;0.0342092
01.02.2019;3.74389;4.29035;4.89743;0.0341891
04.02.2019;3.7473;4.28532;4.88598;0.034093
05.02.2019;3.7584;4.28679;4.86947;0.0341819
06.02.2019;3.77748;4.29401;4.88615;0.0343604
07.02.2019;3.7973;4.30709;4.91904;0.0345917
08.02.2019;3.81036;4.31451;4.92887;0.0347089
12.02.2019;3.82022;4.32817;4.9255;0.0345825
13.02.2019;3.85411;4.33846;4.95139;0.0347105
14.02.2019;3.83321;4.3296;4.90682;0.0346928
15.02.2019;3.83638;4.33499;4.94634;0.0347475
19.02.2019;3.81889;4.33035;4.98751;0.0345332
20.02.2019;3.81685;4.33049;4.98108;0.0344469
21.02.2019;3.82308;4.33436;4.98433;0.0345442
22.02.2019;3.82832;4.33824;4.99637;0.0345921
25.02.2019;3.81904;4.33834;5.01121;0.0343869
26.02.2019;3.79493;4.32367;5.03073;0.0343218
27.02.2019;3.79326;4.31391;5.04832;0.0341889
28.02.2019;3.785;4.30378;5.01989;0.0339828
01.03.2019;3.78635;4.30419;5.00053;0.0338133
04.03.2019;3.79168;4.29896;4.99661;0.0339288
05.03.2019;3.8056;4.30055;5.00375;0.0340111
06.03.2019;3.80075;4.29803;5.00652;0.0340228
07.03.2019;3.85438;4.31375;5.04163;0.0345341
08.03.2019;3.82965;4.30182;4.98412;0.0344644
11.03.2019;3.81755;4.29987;5.05335;0.0342919
12.03.2019;3.80682;4.2978;4.97877;0.0341983
13.03.2019;3.79223;4.29939;5.04709;0.0340856
14.03.2019;3.80585;4.30288;5.042;0.0340724
15.03.2019;3.79615;4.29944;5.04546;0.0340537
18.03.2019;3.78565;4.29105;5.01371;0.0339822
19.03.2019;3.77656;4.28774;5.01056;0.0339106
20.03.2019;3.74622;4.27866;4.94316;0.0338329
22.03.2019;3.8044;4.29915;5.02636;0.0345999
25.03.2019;3.79263;4.29122;5.00983;0.0344653
26.03.2019;3.80588;4.29136;5.02672;0.0344333
27.03.2019;3.81575;4.29247;5.01914;0.0345342
28.03.2019;3.82597;4.29595;4.9952;0.034575
29.03.2019;3.83745;4.30473;5.00176;0.0346179
01.04.2019;3.83336;4.29421;5.00415;0.0344062
02.04.2019;3.8356;4.29712;5.03631;0.0344525
03.04.2019;3.81595;4.28811;5.02085;0.0342348
04.04.2019;3.82208;4.28879;4.99579;0.0342431
05.04.2019;3.82418;4.28999;4.9844;0.0342431
08.04.2019;3.80675;4.28674;4.97341;0.0341431
09.04.2019;3.8038;4.28481;4.96612;0.0342259
10.04.2019;3.79625;4.28041;4.968;0.0342245
11.04.2019;3.8047;4.28308;4.9671;0.0340834
12.04.2019;3.78726;4.27847;4.9528;0.0338117
15.04.2019;3.78215;4.27429;4.95422;0.0337758
16.04.2019;3.78662;4.27369;4.94063;0.0338074
17.04.2019;3.78;4.2707;4.92855;0.0337401
18.04.2019;3.80903;4.27832;4.94885;0.0340156
23.04.2019;3.81866;4.28577;4.93865;0.0341336
24.04.2019;3.85163;4.29668;4.96985;0.0343681
25.04.2019;3.8551;4.29251;4.97182;0.0345482
26.04.2019;3.85397;4.29632;4.97935;0.0345315
07.05.2019;3.83273;4.29043;5.01076;0.0347586
08.05.2019;3.8343;4.29238;4.98829;0.0348294
09.05.2019;3.83165;4.29861;4.98575;0.0349198
10.05.2019;3.82614;4.2972;4.97645;0.0348052
13.05.2019;3.83515;4.30563;4.9709;0.0351146
14.05.2019;3.84465;4.30884;4.96321;0.0350629
15.05.2019;3.83739;4.29991;4.92869;0.0350176
16.05.2019;3.8498;4.3016;4.92642;0.0350425
17.05.2019;3.8598;4.30786;4.91019;0.0350824
20.05.2019;3.8488;4.29817;4.89831;0.0349621
21.05.2019;3.8576;4.30603;4.90271;0.034905
22.05.2019;3.86001;4.30492;4.88788;0.0349857
23.05.2019;3.84875;4.30422;4.87325;0.0351115
24.05.2019;3.82938;4.29202;4.8687;0.0350361
28.05.2019;3.84812;4.29669;4.8703;0.0351864
29.05.2019;3.85585;4.29372;4.87077;0.0351968
30.05.2019;3.85488;4.2905;4.86002;0.0351739
31.05.2019;3.83271;4.28159;4.8454;0.0353675
03.06.2019;3.8065;4.28019;4.8211;0.0352268
04.06.2019;3.80178;4.27839;4.82809;0.0351515
05.06.2019;3.80878;4.27602;4.83348;0.0351743
06.06.2019;3.78877;4.2727;4.80991;0.0349624
07.06.2019;3.7581;4.25934;4.7858;0.0347445
11.06.2019;3.76348;4.26302;4.78814;0.034666
12.06.2019;3.76792;4.25465;4.78211;0.0347311
13.06.2019;3.77379;4.2559;4.78361;0.0348226
14.06.2019;3.79863;4.25707;4.77929;0.0349953
17.06.2019;3.79709;4.26074;4.76035;0.0349753
18.06.2019;3.80418;4.25871;4.77666;0.0350719
19.06.2019;3.79295;4.2593;4.79544;0.0350926
21.06.2019;3.74085;4.2542;4.76742;0.0348386
24.06.2019;3.731;4.25209;4.75075;0.0347679
25.06.2019;3.74317;4.25554;4.74985;0.0349362
26.06.2019;3.74565;4.26063;4.75457;0.0347614
27.06.2019;3.73957;4.2513;4.73753;0.0346857
28.06.2019;3.7336;4.24548;4.7412;0.0346329
01.07.2019;3.75879;4.243;4.75099;0.0346659
02.07.2019;3.75824;4.24291;4.7333;0.0348295
03.07.2019;3.75885;4.23996;4.72835;0.0348674
05.07.2019;3.78531;4.24943;4.74118;0.0348915
08.07.2019;3.7954;4.25689;4.75102;0.0349172
09.07.2019;3.80944;4.26972;4.74785;0.0349975
10.07.2019;3.79051;4.26581;4.74175;0.0349646
11.07.2019;3.79288;4.26828;4.75072;0.0349632
12.07.2019;3.78923;4.27095;4.76393;0.035133
16.07.2019;3.7963;4.25611;4.70982;0.035076
17.07.2019;3.79726;4.26337;4.72237;0.0351869
18.07.2019;3.77232;4.25429;4.73315;0.0351643
19.07.2019;3.78882;4.2508;4.73662;0.0351715
22.07.2019;3.7885;4.24663;4.72712;0.0351132
23.07.2019;3.8156;4.25521;4.74624;0.0352549
24.07.2019;3.8162;4.25237;4.76406;0.0352865
25.07.2019;3.8189;4.25727;4.75615;0.0351541
26.07.2019;3.84215;4.27428;4.75914;0.0353444
29.07.2019;3.84795;4.2886;4.70122;0.0353584
30.07.2019;3.85235;4.29744;4.68126;0.0354771
31.07.2019;3.87505;4.29007;4.70942;0.0356254
01.08.2019;3.88642;4.30756;4.71011;0.0362101
02.08.2019;3.87836;4.30718;4.71207;0.0363844
05.08.2019;3.85325;4.321;4.67968;0.0364744
06.08.2019;3.8524;4.31554;4.68821;0.0361932
07.08.2019;3.85663;4.32023;4.68316;0.0363076
08.08.2019;3.86046;4.32123;4.68878;0.0364666
09.08.2019;3.86102;4.32539;4.64422;0.0365682
13.08.2019;3.8787;4.3335;4.67804;0.0363395
14.08.2019;3.92448;4.37263;4.73325;0.0371057
16.08.2019;3.91169;4.33914;4.75135;0.0367934
19.08.2019;3.93932;4.36485;4.77725;0.0369542
20.08.2019;3.92436;4.35542;4.77608;0.0369358
21.08.2019;3.92105;4.34774;4.75688;0.0367877
22.08.2019;3.93325;4.35841;4.81797;0.036959
23.08.2019;3.93141;4.37957;4.82826;0.0373134
27.08.2019;3.94464;4.37486;4.84736;0.0372994
28.08.2019;3.96311;4.39174;4.84091;0.0373917
29.08.2019;3.96719;4.38713;4.83314;0.0372464
30.08.2019;3.98041;4.37451;4.84282;0.0374711
03.09.2019;3.9609;4.34581;4.78693;0.0373899
04.09.2019;3.93475;4.34194;4.8204;0.0369922
05.09.2019;3.93405;4.34116;4.85038;0.0367823
06.09.2019;3.93645;4.34022;4.8392;0.0368137
09.09.2019;3.92095;4.3324;4.8411;0.0365597
10.09.2019;3.92053;4.33179;4.8456;0.0364633
11.09.2019;3.94225;4.34006;4.86002;0.0365646
12.09.2019;3.9196;4.33656;4.83609;0.0362627
13.09.2019;3.90672;4.32719;4.88029;0.0361345
17.09.2019;3.9156;4.33525;4.89505;0.036217
18.09.2019;3.9341;4.3405;4.90726;0.0362894
19.09.2019;3.9281;4.33742;4.92052;0.0363575
20.09.2019;3.97133;4.37564;4.95228;0.0369217
24.09.2019;3.97494;4.38024;4.96532;0.0371101
25.09.2019;4.00318;4.38114;4.94556;0.0371587
26.09.2019;4.0173;4.38599;4.95248;0.0372531
27.09.2019;4.00709;4.38441;4.92635;0.0371164
30.09.2019;4.01056;4.37094;4.92976;0.0371077
01.10.2019;4.0083;4.38181;4.92674;0.0371959
02.10.2019;3.97565;4.35764;4.88968;0.0370984
04.10.2019;3.93331;4.31933;4.85234;0.0368125
07.10.2019;3.94598;4.3292;4.84967;0.0367978
08.10.2019;3.94388;4.32092;4.8196;0.0368339
09.10.2019;3.93865;4.32206;4.80886;0.0366502
10.10.2019;3.915;4.30997;4.87013;0.036293
11.10.2019;3.89778;4.30176;4.9339;0.035962
15.10.2019;3.89057;4.29181;4.96354;0.0357451
16.10.2019;3.86846;4.28363;4.95861;0.0355779
17.10.2019;3.85039;4.28485;4.96378;0.0354522
18.10.2019;3.83568;4.28118;4.9649;0.0353781
21.10.2019;3.83562;4.2761;4.97228;0.0353243
23.10.2019;3.83959;4.27428;4.95828;0.0353392
24.10.2019;3.85276;4.27861;4.94965;0.0354644
25.10.2019;3.86196;4.27942;4.95364;0.0355414
28.10.2019;3.85058;4.27344;4.95016;0.0353365
29.10.2019;3.8394;4.26638;4.93902;0.0352653
30.10.2019;3.8177;4.25793;4.926;0.0350872
31.10.2019;3.82239;4.26263;4.94341;0.0353817
05.11.2019;3.85098;4.26493;4.95992;0.0352777
06.11.2019;3.85401;4.26583;4.95489;0.0353686
07.11.2019;3.85442;4.25883;4.93903;0.0352606
08.11.2019;3.86981;4.26524;4.94702;0.0354339
12.11.2019;3.88835;4.28161;4.99672;0.0356812
13.11.2019;3.89442;4.28703;5.00549;0.0358029
14.11.2019;3.88715;4.28445;5.0076;0.035859
15.11.2019;3.8678;4.27556;4.99116;0.0355529
18.11.2019;3.88027;4.29625;5.02525;0.0357086
19.11.2019;3.86812;4.2851;5.00035;0.0356348
20.11.2019;3.87748;4.29477;5.01219;0.0357519
21.11.2019;3.88453;4.29719;5.01463;0.0357622
22.11.2019;3.89886;4.29769;5.00476;0.0358892
25.11.2019;3.9019;4.29753;5.03367;0.0358179
26.11.2019;3.9055;4.30529;5.02367;0.0358112
27.11.2019;3.91591;4.30983;5.06986;0.0357516
29.11.2019;3.9162;4.31466;5.06538;0.0357793
02.12.2019;3.87012;4.2868;5.0087;0.0354871
03.12.2019;3.86659;4.28497;5.02487;0.0355918
04.12.2019;3.86384;4.28046;5.06335;0.0354943
05.12.2019;3.85139;4.27676;5.06815;0.0354141
06.12.2019;3.8664;4.27623;5.08048;0.0356153
09.12.2019;3.87464;4.28743;5.09238;0.0356856
10.12.2019;3.86727;4.2901;5.07536;0.0355448
11.12.2019;3.84692;4.28287;5.07791;0.0354398
12.12.2019;3.83292;4.28666;5.16037;0.0350077
13.12.2019;3.84001;4.26886;5.12439;0.0351223
16.12.2019;3.82315;4.25869;5.07972;0.034878
17.12.2019;3.81947;4.25996;5.01556;0.0348795
18.12.2019;3.83821;4.26656;5.02114;0.0350268
19.12.2019;3.8319;4.26254;4.98446;0.0350316
20.12.2019;3.84231;4.25562;4.99592;0.0350912
23.12.2019;3.85284;4.27296;4.98556;0.0352176
27.12.2019;3.81282;4.26113;4.98577;0.0348413
30.12.2019;3.79837;4.2543;4.98408;0.0348865
07.01.2020;3.80785;4.24477;4.99509;0.0351066
08.01.2020;3.81015;4.23317;4.99188;0.0349305
09.01.2020;3.82225;4.2452;4.99523;0.0349128
10.01.2020;3.80725;4.23432;4.97043;0.0347696
14.01.2020;3.79462;4.22206;4.94162;0.0345003
15.01.2020;3.794;4.23031;4.94867;0.034522
16.01.2020;3.79918;4.23133;4.96794;0.0344822
17.01.2020;3.82322;4.241;4.97537;0.0347095
21.01.2020;3.81768;4.23115;4.98099;0.0347517
22.01.2020;3.82031;4.23806;5.01933;0.0347835
23.01.2020;3.84053;4.24603;5.03987;0.035064
24.01.2020;3.86132;4.25823;5.04939;0.0353335
27.01.2020;3.88235;4.27774;5.07006;0.0356447
28.01.2020;3.87503;4.27104;5.04745;0.0354723
29.01.2020;3.89219;4.28551;5.06584;0.0357036
30.01.2020;3.89065;4.293;5.09306;0.0357169
31.01.2020;3.87436;4.29678;5.11595;0.0357553
03.02.2020;3.88525;4.29684;5.04971;0.0357541
04.02.2020;3.8697;4.27416;5.04248;0.0353494
05.02.2020;3.85977;4.2457;5.01764;0.0351531
06.02.2020;3.87835;4.25883;5.01409;0.0352616
07.02.2020;3.90485;4.27484;5.03118;0.0355766
10.02.2020;3.90828;4.26445;5.04718;0.0356078
12.02.2020;3.91042;4.25133;5.06787;0.0355225
13.02.2020;3.91773;4.24705;5.10966;0.0356744
14.02.2020;3.92215;4.25036;5.11749;0.0357267
18.02.2020;3.95338;4.26756;5.1394;0.0359833
19.02.2020;3.95023;4.26964;5.10399;0.0355093
20.02.2020;3.96748;4.27991;5.11023;0.0354037
21.02.2020;3.95525;4.29107;5.12597;0.035441
25.02.2020;3.95572;4.30423;5.14311;0.0358932
26.02.2020;3.96599;4.31602;5.11714;0.035916
27.02.2020;3.9297;4.32382;5.06614;0.0358734
28.02.2020;3.92137;4.32913;5.02856;0.0363383
02.03.2020;3.87587;4.31751;4.94327;0.0357936
03.03.2020;3.8547;4.30592;4.93888;0.0359731
04.03.2020;3.85863;4.29582;4.96485;0.0358795
05.03.2020;3.83504;4.3069;4.96748;0.0361152
06.03.2020;3.80392;4.30123;4.95831;0.0360647
09.03.2020;3.78091;4.32494;4.95156;0.0369089
10.03.2020;3.80929;4.30815;4.91615;0.0362442
11.03.2020;3.84302;4.3268;4.92461;0.0366938
12.03.2020;3.91825;4.37935;4.928;0.0373907
13.03.2020;3.94125;4.37771;4.83868;0.0366257
16.03.2020;3.97849;4.44311;4.88087;0.037427
17.03.2020;4.0592;4.47156;4.90182;0.0378449
18.03.2020;4.11546;4.49949;4.79116;0.0381022
19.03.2020;4.26048;4.54374;4.87213;0.0384308
23.03.2020;4.29327;4.61374;4.96154;0.0386833
24.03.2020;4.25955;4.60552;5.02169;0.0383046
25.03.2020;4.19694;4.5669;4.95998;0.0378052
26.03.2020;4.09935;4.52452;4.9845;0.0374942
27.03.2020;4.07246;4.5371;5.07295;0.0377191
30.03.2020;4.11342;4.54426;5.09339;0.0381416
31.03.2020;4.13216;4.55781;5.13727;0.0384294
01.04.2020;4.20399;4.60162;5.2096;0.0392405
02.04.2020;4.21255;4.57299;5.22584;0.0390561
03.04.2020;4.2417;4.58562;5.20058;0.0391232
06.04.2020;4.2264;4.56213;5.16947;0.0386966
07.04.2020;4.15774;4.52819;5.12909;0.0382265
08.04.2020;4.16949;4.52659;5.1687;0.0383053
09.04.2020;4.16196;4.54854;5.18179;0.0383616
14.04.2020;4.11626;4.52018;5.1971;0.0384202
15.04.2020;4.15981;4.53786;5.21123;0.0387301
16.04.2020;4.17404;4.5336;5.21039;0.0386346
17.04.2020;4.15893;4.51999;5.19736;0.0386582
20.04.2020;4.16095;4.52279;5.17735;0.0386589
21.04.2020;4.17433;4.53234;5.13334;0.0387445
22.04.2020;4.20224;4.54808;5.17996;0.0390017
23.04.2020;4.21387;4.54233;5.20289;0.0391602
24.04.2020;4.19741;4.5372;5.18987;0.0390802
27.04.2020;4.18679;4.53489;5.20299;0.0390346
28.04.2020;4.20235;4.5478;5.22122;0.0393265
30.04.2020;4.14946;4.54489;5.22733;0.0387258
07.05.2020;4.2041;4.55374;5.19718;0.0395483
11.05.2020;4.21844;4.55919;5.20345;0.0391855
12.05.2020;4.20776;4.56418;5.16214;0.0392533
13.05.2020;4.2202;4.56546;5.16317;0.0394176
14.05.2020;4.21997;4.56055;5.16166;0.0393555
15.05.2020;4.2225;4.56773;5.11645;0.0393816
18.05.2020;4.18134;4.56483;5.10183;0.0389701
19.05.2020;4.16505;4.54967;5.10091;0.0386652
20.05.2020;4.13179;4.53614;5.05659;0.0384138
21.05.2020;4.1227;4.51343;5.03979;0.0382926
22.05.2020;4.139;4.51284;5.03939;0.0384665
26.05.2020;4.04427;4.43942;4.98806;0.0376061
27.05.2020;4.02692;4.43244;4.93755;0.0373825
28.05.2020;4.02184;4.45579;4.9563;0.0373673
29.05.2020;4.00709;4.44866;4.94922;0.0371584
02.06.2020;3.9261;4.38558;4.92696;0.0361373
03.06.2020;3.92723;4.41267;4.93873;0.0360597
04.06.2020;3.91344;4.4364;4.92715;0.035865
05.06.2020;3.92799;4.43465;4.97453;0.0358191
08.06.2020;3.91811;4.42404;4.98525;0.0361369
09.06.2020;3.92082;4.44553;4.99061;0.0363969
10.06.2020;3.91259;4.45093;4.98724;0.0365267
12.06.2020;3.94855;4.44416;4.94428;0.0367738
15.06.2020;3.90006;4.41703;4.92003;0.036333
16.06.2020;3.94966;4.44817;4.96357;0.0368033
17.06.2020;3.97014;4.46374;4.98386;0.0371003
18.06.2020;3.971;4.44945;4.93274;0.0371253
19.06.2020;3.99219;4.46589;4.93393;0.0373787
22.06.2020;3.94229;4.44032;4.9157;0.0368724
23.06.2020;3.9328;4.44756;4.92104;0.0369312
24.06.2020;3.95835;4.45514;4.91873;0.0369822
25.06.2020;3.97171;4.45479;4.93343;0.0370551
26.06.2020;3.97878;4.46753;4.9111;0.0371179
29.06.2020;3.96451;4.45651;4.87646;0.0368531
30.06.2020;3.95887;4.44672;4.9087;0.0366688
01.07.2020;3.97701;4.47433;4.96245;0.0370096
02.07.2020;3.97218;4.46463;4.95241;0.0369412
06.07.2020;3.94699;4.46431;4.93035;0.0367593
07.07.2020;3.9705;4.47638;4.98331;0.036916
08.07.2020;3.9488;4.47512;4.98064;0.0368135
09.07.2020;3.96202;4.47085;4.99442;0.0369516
10.07.2020;3.95161;4.4654;4.98997;0.036951
13.07.2020;3.95968;4.49274;4.97229;0.0369142
14.07.2020;3.92448;4.47484;4.9287;0.0365926
15.07.2020;3.9224;4.4765;4.938;0.0366747
16.07.2020;3.94019;4.48427;4.94651;0.0367339
17.07.2020;3.91545;4.47823;4.9228;0.0366122
20.07.2020;3.8949;4.45727;4.92925;0.0363151
21.07.2020;3.84408;4.43326;4.89062;0.0359953
22.07.2020;3.82095;4.42183;4.86423;0.0356615
27.07.2020;3.73952;4.39411;4.81866;0.035481
28.07.2020;3.76376;4.41155;4.86645;0.0358211
29.07.2020;3.73799;4.40811;4.85958;0.0356206
30.07.2020;3.72304;4.40899;4.87417;0.0355286
31.07.2020;3.74482;4.41226;4.90269;0.0353842
03.08.2020;3.75138;4.41183;4.90498;0.0353884
04.08.2020;3.72765;4.39758;4.87052;0.035259
05.08.2020;3.70847;4.40049;4.86401;0.0351181
06.08.2020;3.71712;4.41474;4.88555;0.0352287
07.08.2020;3.74428;4.41329;4.89007;0.0353387
11.08.2020;3.75276;4.40701;4.89899;0.035235
12.08.2020;3.73585;4.40242;4.86857;0.0349543
13.08.2020;3.723;4.39863;4.86482;0.0348146
14.08.2020;3.7153;4.3979;4.86188;0.0348553
17.08.2020;3.70304;4.39713;4.85358;0.0349212
18.08.2020;3.67145;4.38084;4.86111;0.0348269
19.08.2020;3.71838;4.40368;4.87522;0.0350602
20.08.2020;3.69665;4.38454;4.88555;0.034939
21.08.2020;3.73943;4.41075;4.89429;0.0353366
24.08.2020;3.72705;4.3943;4.8697;0.0351665
25.08.2020;3.71602;4.3976;4.88596;0.0349257
26.08.2020;3.7295;4.4122;4.92623;0.03518
27.08.2020;3.73116;4.4103;4.92894;0.0350196
28.08.2020;3.6878;4.38794;4.92258;0.0349966
01.09.2020;3.68379;4.3898;4.9296;0.0347701
02.09.2020;3.72338;4.41441;4.97223;0.0350719
03.09.2020;3.74287;4.43568;4.96969;0.0352579
04.09.2020;3.76033;4.4531;4.99367;0.0353983
08.09.2020;3.78176;4.45259;4.90749;0.0356931
09.09.2020;3.76165;4.43999;4.88882;0.0354214
10.09.2020;3.76825;4.45462;4.82429;0.0354993
11.09.2020;3.75991;4.45202;4.8117;0.0354426
14.09.2020;3.74645;4.44577;4.81388;0.0354395
15.09.2020;3.76025;4.45538;4.84756;0.0356655
16.09.2020;3.76685;4.45031;4.88465;0.0358901
17.09.2020;3.76089;4.45466;4.87882;0.0358966
18.09.2020;3.76153;4.45695;4.86055;0.0359635
23.09.2020;3.87009;4.51301;4.92428;0.0367369
24.09.2020;3.89994;4.55196;4.97245;0.0369961
25.09.2020;3.91335;4.54972;4.98872;0.0370544
28.09.2020;3.93001;4.58422;5.04559;0.0372449
29.09.2020;3.8579;4.52952;4.96139;0.0365141
30.09.2020;3.86325;4.52928;4.99121;0.0366397
02.10.2020;3.84429;4.50257;4.97179;0.0364784
05.10.2020;3.81591;4.49561;4.95184;0.036091
06.10.2020;3.82499;4.48779;4.92549;0.0362116
07.10.2020;3.81005;4.48278;4.92;0.0359439
08.10.2020;3.81815;4.48993;4.93748;0.0360121
09.10.2020;3.77866;4.46777;4.92687;0.0357804
12.10.2020;3.77273;4.45723;4.92922;0.0358216
13.10.2020;3.82555;4.49314;4.94929;0.0362622
14.10.2020;3.84074;4.5122;4.99779;0.0365378
15.10.2020;3.88393;4.54821;5.01252;0.0368439
16.10.2020;3.8806;4.54717;5.01655;0.0368196
19.10.2020;3.88722;4.57438;5.03109;0.0368674
20.10.2020;3.85891;4.56276;4.99503;0.0365867
21.10.2020;3.85568;4.57258;5.06735;0.0368697
22.10.2020;3.86875;4.57326;5.06109;0.0368962
23.10.2020;3.85145;4.5688;5.02459;0.0367831
26.10.2020;3.8784;4.57925;5.04823;0.0369776
27.10.2020;3.89287;4.58589;5.07128;0.0372491
28.10.2020;3.94225;4.63157;5.11961;0.0377965
29.10.2020;3.96386;4.62576;5.12438;0.0378871
30.10.2020;3.95484;4.60604;5.12185;0.0377832
02.11.2020;3.95255;4.60091;5.10448;0.0377321
04.11.2020;3.87234;4.53887;5.01125;0.0370509
05.11.2020;3.8282;4.52618;5.03135;0.0369439
06.11.2020;3.79188;4.50465;4.98715;0.0367082
09.11.2020;3.79135;4.48028;4.98941;0.0360199
10.11.2020;3.80746;4.49996;5.0527;0.0361716
12.11.2020;3.8037;4.491;4.9899;0.0361813
13.11.2020;3.78798;4.4826;4.99872;0.0362025
16.11.2020;3.7697;4.46938;4.9742;0.0360444
17.11.2020;3.7836;4.48858;5.01857;0.0363134
18.11.2020;3.76873;4.46659;5.00017;0.0362964
19.11.2020;3.76484;4.46915;4.98989;0.0362751
20.11.2020;3.76634;4.46651;5.00597;0.0362769
24.11.2020;3.7542;4.46456;5.0151;0.0359319
25.11.2020;3.74685;4.46447;5.01439;0.0358722
27.11.2020;3.75043;4.48578;4.98674;0.0360422
30.11.2020;3.7541;4.47892;5.00387;0.0359764
01.12.2020;3.68565;4.44939;4.94864;0.0353307
02.12.2020;3.69723;4.4784;4.94394;0.0354046
03.12.2020;3.6808;4.47025;4.9513;0.0354387
04.12.2020;3.68429;4.46786;4.94981;0.035367
07.12.2020;3.69495;4.47471;4.94083;0.0355123
08.12.2020;3.67435;4.4482;4.90915;0.0352764
09.12.2020;3.66955;4.43306;4.90287;0.0351867
10.12.2020;3.64652;4.42748;4.85045;0.034982
11.12.2020;3.6692;4.44552;4.85235;0.0352679
14.12.2020;3.65673;4.44134;4.87434;0.0351521
15.12.2020;3.6535;4.43952;4.91445;0.0352365
16.12.2020;3.6386;4.43829;4.91318;0.0351729
17.12.2020;3.61884;4.43933;4.91647;0.0350947
18.12.2020;3.65258;4.47264;4.93066;0.035353
21.12.2020;3.67405;4.49651;4.94209;0.0355527
22.12.2020;3.7035;4.50504;4.94862;0.0357398
23.12.2020;3.6954;4.50483;4.98893;0.0356892
29.12.2020;3.70353;4.53808;5.00065;0.0357642
30.12.2020;3.72484;4.58058;5.07236;0.0360882
04.01.2021;3.71945;4.55653;5.04955;0.0360667
05.01.2021;3.6892;4.53653;5.02568;0.0359158
07.01.2021;3.68358;4.51829;4.99651;0.0354709
08.01.2021;3.68907;4.50942;5.00213;0.0354862
12.01.2021;3.7051;4.52228;5.06244;0.0357005
13.01.2021;3.73522;4.54091;5.09531;0.0359605
14.01.2021;3.73695;4.54109;5.11519;0.0359931
15.01.2021;3.75767;4.53841;5.10442;0.0361697
19.01.2021;3.73851;4.53417;5.09695;0.0359759
20.01.2021;3.74481;4.53499;5.11335;0.0361555
21.01.2021;3.7254;4.53249;5.1152;0.0359872
22.01.2021;3.7322;4.54072;5.10561;0.0359467
25.01.2021;3.73872;4.54015;5.1125;0.0360293
26.01.2021;3.73645;4.54429;5.13192;0.0360522
27.01.2021;3.75678;4.54904;5.14409;0.0360969
28.01.2021;3.7464;4.54137;5.14305;0.0359439
29.01.2021;3.72404;4.51952;5.10268;0.0355514
01.02.2021;3.73925;4.51023;5.11029;0.0356285
02.02.2021;3.72069;4.48114;5.08374;0.0354341
03.02.2021;3.7271;4.48513;5.08576;0.035484
04.02.2021;3.76147;4.50055;5.14108;0.0356446
05.02.2021;3.72343;4.48622;5.11516;0.035329
08.02.2021;3.71502;4.47733;5.10431;0.0353011
09.02.2021;3.6924;4.47509;5.10085;0.0353123
10.02.2021;3.7055;4.49081;5.12523;0.03542
12.02.2021;3.71196;4.49809;5.14115;0.0353624
16.02.2021;3.71336;4.49418;5.16289;0.0349967
17.02.2021;3.72915;4.4915;5.16891;0.0352205
18.02.2021;3.7135;4.48989;5.18928;0.0351351
19.02.2021;3.69956;4.48252;5.18211;0.0350799
22.02.2021;3.6954;4.49382;5.19966;0.0351718
24.02.2021;3.70386;4.50624;5.23803;0.0349843
25.02.2021;3.70835;4.51781;5.19617;0.0349034
26.02.2021;3.7466;4.52051;5.21934;0.035147
01.03.2021;3.7633;4.53492;5.24151;0.0352448
02.03.2021;3.75724;4.54036;5.24315;0.0352118
03.03.2021;3.76559;4.5426;5.25304;0.0351895
04.03.2021;3.81017;4.5627;5.29492;0.0352869
05.03.2021;3.84951;4.5869;5.33018;0.0355281
08.03.2021;3.88038;4.59782;5.36149;0.0356227
09.03.2021;3.83997;4.57041;5.3347;0.0353843
10.03.2021;3.83747;4.57664;5.3472;0.0353915
11.03.2021;3.82475;4.58334;5.34982;0.0352408
12.03.2021;3.83254;4.58416;5.33847;0.035158
15.03.2021;3.8493;4.59015;5.34907;0.0352668
16.03.2021;3.86099;4.59532;5.36644;0.0354226
17.03.2021;3.83795;4.59734;5.35907;0.0352568
18.03.2021;3.87729;4.62066;5.39885;0.0355816
19.03.2021;3.876;4.61429;5.374;0.0355988
22.03.2021;3.85206;4.59695;5.33977;0.035403
23.03.2021;3.8988;4.61905;5.36006;0.0358933
24.03.2021;3.91854;4.62851;5.36081;0.0360319
25.03.2021;3.93623;4.63446;5.40869;0.0360579
26.03.2021;3.93575;4.64138;5.42997;0.0358921
29.03.2021;3.97185;4.67263;5.46497;0.036158
30.03.2021;3.97416;4.65673;5.45976;0.0360102
31.03.2021;3.94988;4.63237;5.44398;0.035671
01.04.2021;3.8999;4.59239;5.39398;0.0352629
06.04.2021;3.8666;4.59053;5.34526;0.0352214
07.04.2021;3.85424;4.57487;5.2953;0.035088
08.04.2021;3.81554;4.54631;5.24048;0.0349185
09.04.2021;3.80601;4.53032;5.21771;0.0347112
12.04.2021;3.80144;4.52849;5.22441;0.0347516
13.04.2021;3.82111;4.56623;5.25448;0.0350387
14.04.2021;3.80329;4.55593;5.24071;0.0349121
15.04.2021;3.80251;4.55063;5.24173;0.0349675
16.04.2021;3.79269;4.54399;5.24765;0.0348647
19.04.2021;3.7813;4.55172;5.28757;0.0349622
20.04.2021;3.78276;4.55261;5.27214;0.0349993
21.04.2021;3.78535;4.55611;5.27362;0.0350268
22.04.2021;3.7967;4.56246;5.25488;0.0351677
23.04.2021;3.76462;4.55506;5.22733;0.0348925
26.04.2021;3.7715;4.55848;5.24205;0.0348906
27.04.2021;3.77883;4.56827;5.25524;0.0347568
28.04.2021;3.77531;4.57774;5.2619;0.0347625
30.04.2021;3.79148;4.55866;5.23743;0.034691
06.05.2021;3.78943;4.57136;5.26324;0.034737
07.05.2021;3.7439;4.55496;5.24202;0.0344729
10.05.2021;3.75772;4.55862;5.30631;0.0345211
11.05.2021;3.73854;4.54224;5.28744;0.0344201
12.05.2021;3.77333;4.55491;5.30461;0.0344059
13.05.2021;3.74795;4.52837;5.26544;0.0342368
14.05.2021;3.72977;4.52906;5.25823;0.0341086
17.05.2021;3.72509;4.52706;5.26648;0.0341094
18.05.2021;3.69836;4.52111;5.24657;0.0339614
19.05.2021;3.713;4.52116;5.24102;0.034004
20.05.2021;3.6749;4.49425;5.21499;0.0337835
21.05.2021;3.6895;4.49632;5.22244;0.0338791
25.05.2021;3.65935;4.48268;5.17764;0.033643
26.05.2021;3.6911;4.50107;5.21209;0.0338214
27.05.2021;3.68402;4.49265;5.23187;0.0335451
28.05.2021;3.67656;4.48345;5.21757;0.0334738
01.06.2021;3.65203;4.46071;5.16772;0.0333607
02.06.2021;3.65105;4.45864;5.17417;0.0333237
04.06.2021;3.66406;4.45874;5.19033;0.0334654
07.06.2021;3.6632;4.46612;5.19478;0.0335286
08.06.2021;3.66634;4.46309;5.18783;0.0334838
09.06.2021;3.67085;4.4707;5.18123;0.0334855
10.06.2021;3.67125;4.46939;5.20435;0.0335734
11.06.2021;3.71666;4.50051;5.24619;0.0338937
14.06.2021;3.72455;4.51417;5.25547;0.0338365
15.06.2021;3.73235;4.52702;5.25691;0.0339141
16.06.2021;3.772;4.52408;5.27604;0.0340892
17.06.2021;3.8286;4.55845;5.33083;0.0347231
18.06.2021;3.83458;4.55094;5.29623;0.0348097
21.06.2021;3.7987;4.52765;5.29421;0.0344391
22.06.2021;3.781;4.51447;5.27321;0.0341683
23.06.2021;3.78718;4.51731;5.28803;0.0341246
24.06.2021;3.78715;4.51836;5.27201;0.0341656
25.06.2021;3.77966;4.51346;5.2504;0.0341242
28.06.2021;3.7743;4.50163;5.23925;0.0341217
29.06.2021;3.79715;4.51929;5.25535;0.0343447
30.06.2021;3.81105;4.51953;5.27094;0.0343038
01.07.2021;3.8087;4.51321;5.2421;0.0341477
02.07.2021;3.79961;4.50848;5.25665;0.034223
06.07.2021;3.81645;4.51176;5.2669;0.0344974
07.07.2021;3.83935;4.52807;5.29865;0.0347025
08.07.2021;3.8365;4.54427;5.28866;0.0349542
09.07.2021;3.82683;4.54606;5.31652;0.0347524
12.07.2021;3.83631;4.55062;5.32776;0.0347646
13.07.2021;3.8928;4.58494;5.37858;0.0351901
14.07.2021;3.8588;4.5676;5.34852;0.0350915
15.07.2021;3.8777;4.5807;5.3612;0.0353041
16.07.2021;3.88322;4.58386;5.34393;0.0352847
19.07.2021;3.89607;4.59645;5.32794;0.0355881
20.07.2021;3.89825;4.59282;5.31249;0.0354806
21.07.2021;3.88262;4.58024;5.32478;0.0352041
26.07.2021;3.8898;4.59103;5.37837;0.0352391
27.07.2021;3.8904;4.59777;5.40138;0.0354401
28.07.2021;3.87815;4.59377;5.39306;0.0352755
29.07.2021;3.84405;4.57005;5.36699;0.0351113
30.07.2021;3.85285;4.56992;5.35475;0.0351172
02.08.2021;3.84195;4.56137;5.33412;0.0351444
03.08.2021;3.8381;4.55328;5.34034;0.0351951
04.08.2021;3.8394;4.54424;5.33143;0.0350669
05.08.2021;3.8376;4.54159;5.34552;0.0349618
06.08.2021;3.89101;4.57529;5.39946;0.0352998
10.08.2021;3.90425;4.57595;5.40381;0.0353124
11.08.2021;3.90045;4.5795;5.41015;0.0353206
12.08.2021;3.90155;4.57708;5.38881;0.0353321
13.08.2021;3.87043;4.56607;5.36814;0.0353274
16.08.2021;3.87345;4.56194;5.36125;0.0354449
17.08.2021;3.89685;4.56364;5.35399;0.0355627
18.08.2021;3.88975;4.5549;5.34997;0.0354271
19.08.2021;3.9251;4.58374;5.35221;0.0357604
20.08.2021;3.9164;4.583;5.33599;0.0356776
23.08.2021;3.9016;4.58289;5.35427;0.0355719
24.08.2021;3.89215;4.57577;5.34482;0.0354968
25.08.2021;3.88735;4.57578;5.34895;0.0353357
26.08.2021;3.89095;4.57355;5.33094;0.0353527
27.08.2021;3.87903;4.57584;5.33868;0.0353195
31.08.2021;3.83065;4.52396;5.27027;0.0348259
01.09.2021;3.80626;4.50642;5.24148;0.0345948
02.09.2021;3.79912;4.51173;5.25705;0.0345594
03.09.2021;3.7926;4.50572;5.25786;0.0345742
07.09.2021;3.80974;4.51221;5.25196;0.0345451
08.09.2021;3.82265;4.51777;5.26542;0.0346632
09.09.2021;3.84082;4.54193;5.31501;0.0349996
10.09.2021;3.84652;4.54376;5.32015;0.0350099
13.09.2021;3.85225;4.54994;5.33102;0.0350193
14.09.2021;3.8495;4.54487;5.31591;0.0350894
15.09.2021;3.86312;4.56468;5.34773;0.0353229
16.09.2021;3.88482;4.57191;5.35876;0.0354041
17.09.2021;3.9131;4.59025;5.37499;0.0355955
21.09.2021;3.94069;4.62078;5.38309;0.0360798
22.09.2021;3.95425;4.62388;5.38579;0.0360165
24.09.2021;3.93098;4.60583;5.37438;0.035495
27.09.2021;3.93074;4.59832;5.38659;0.0354185
28.09.2021;3.9676;4.63614;5.37177;0.0355826
29.09.2021;3.99415;4.63224;5.36257;0.0356748
30.09.2021;3.98072;4.61033;5.36307;0.0357676
01.10.2021;3.9467;4.57748;5.34848;0.0355475
04.10.2021;3.95526;4.59588;5.38306;0.0356601
05.10.2021;3.97025;4.6042;5.40958;0.035615
06.10.2021;3.93625;4.54832;5.34715;0.0353277
07.10.2021;3.9691;4.58691;5.40425;0.0355579
08.10.2021;3.97995;4.6053;5.42065;0.0354681
11.10.2021;3.96915;4.58617;5.39646;0.0350231
12.10.2021;3.97515;4.58373;5.40153;0.0349891
13.10.2021;3.94545;4.57608;5.38959;0.0348361
14.10.2021;3.9396;4.56935;5.38734;0.0346575
15.10.2021;3.93671;4.56785;5.41032;0.0344694
18.10.2021;3.9487;4.58469;5.42091;0.0345411
19.10.2021;3.9421;4.58522;5.43753;0.0344657
20.10.2021;3.9357;4.58482;5.44184;0.0344201
21.10.2021;3.96185;4.60595;5.465;0.0347506
22.10.2021;3.95084;4.60004;5.43684;0.034827
25.10.2021;3.97368;4.61412;5.47113;0.0349462
26.10.2021;3.97525;4.60861;5.47223;0.0348237
27.10.2021;3.98235;4.62054;5.47222;0.0349886
28.10.2021;3.95515;4.62045;5.45636;0.034826
29.10.2021;3.9907;4.6131;5.46133;0.0350132
02.11.2021;3.97818;4.6064;5.4164;0.0349067
04.11.2021;3.98359;4.60227;5.37959;0.0349981
05.11.2021;3.9748;4.59775;5.36519;0.0350499
08.11.2021;3.96321;4.59167;5.37552;0.0349934
09.11.2021;3.9616;4.59247;5.37122;0.0350899
10.11.2021;4.01668;4.61104;5.38566;0.0352661
12.11.2021;4.05432;4.64072;5.44153;0.0356014
15.11.2021;4.08345;4.64139;5.47636;0.0357758
16.11.2021;4.10725;4.6501;5.51479;0.0357664
17.11.2021;4.1189;4.66176;5.55714;0.0360797
18.11.2021;4.10665;4.66994;5.54421;0.0359422
19.11.2021;4.15611;4.69156;5.58707;0.0364584
22.11.2021;4.1899;4.70855;5.61288;0.036482
24.11.2021;4.17715;4.67876;5.56723;0.0361891
26.11.2021;4.15987;4.71064;5.55516;0.0367322
29.11.2021;4.14755;4.68242;5.51998;0.0364998
30.11.2021;4.11015;4.66035;5.46541;0.0363126
01.12.2021;4.08589;4.62451;5.42428;0.0362126
02.12.2021;4.06646;4.5956;5.40954;0.035922
03.12.2021;4.0669;4.59937;5.38455;0.0360627
06.12.2021;4.06854;4.59048;5.39501;0.0358457
07.12.2021;4.0667;4.58261;5.38557;0.0358076
08.12.2021;4.0684;4.61437;5.3726;0.0357676
09.12.2021;4.0788;4.60621;5.39238;0.0359454
10.12.2021;4.08252;4.62027;5.41736;0.0359947
13.12.2021;4.112;4.63956;5.43405;0.0362029
14.12.2021;4.11445;4.63177;5.44304;0.0361721
15.12.2021;4.09243;4.62202;5.42835;0.0358832
16.12.2021;4.0887;4.63293;5.44804;0.0359547
17.12.2021;4.12213;4.63197;5.45587;0.0362398
20.12.2021;4.10355;4.62852;5.41988;0.0361136
21.12.2021;4.09629;4.62106;5.43491;0.0359076
22.12.2021;4.09348;4.63556;5.46548;0.0358704
23.12.2021;4.08489;4.62772;5.47785;0.0356951
29.12.2021;4.05128;4.59751;5.46385;0.0352319
30.12.2021;4.05966;4.59711;5.48084;0.0352801
04.01.2022;4.04528;4.56521;5.47199;0.0348302
05.01.2022;4.04798;4.57844;5.48685;0.0348581
07.01.2022;4.0007;4.54532;5.43899;0.0346195
11.01.2022;3.99075;4.53701;5.44055;0.0346047
12.01.2022;3.9559;4.52599;5.42201;0.0344936
13.01.2022;3.965;4.54269;5.43635;0.0347247
14.01.2022;3.97372;4.5359;5.43586;0.0347992
18.01.2022;4.00328;4.53486;5.44434;0.0349308
19.01.2022;3.99025;4.52589;5.43165;0.0348917
20.01.2022;4.00065;4.52572;5.44099;0.0350593
21.01.2022;3.9948;4.53074;5.41433;0.0351497
24.01.2022;4.0321;4.56688;5.4382;0.0353792
25.01.2022;4.05446;4.58266;5.47611;0.0356093
26.01.2022;4.07835;4.58458;5.49073;0.0355644
27.01.2022;4.09245;4.56126;5.47624;0.0354895
28.01.2022;4.1132;4.58627;5.51057;0.0356909
31.01.2022;4.0782;4.58055;5.48293;0.035426
01.02.2022;4.05615;4.57175;5.48566;0.0353642
02.02.2022;4.0167;4.54049;5.4531;0.0350969
03.02.2022;3.97085;4.54248;5.4009;0.0345377
04.02.2022;3.98645;4.56654;5.39409;0.034607
07.02.2022;3.96329;4.53471;5.36355;0.0344375
08.02.2022;3.96387;4.52579;5.36979;0.0343036
09.02.2022;3.9361;4.49563;5.32762;0.0340633
10.02.2022;3.94256;4.50558;5.3465;0.0339738
14.02.2022;4.02625;4.5516;5.44861;0.0348457
15.02.2022;3.96015;4.49782;5.36279;0.0342505
16.02.2022;3.95795;4.50243;5.37619;0.0342757
17.02.2022;3.98388;4.52647;5.42438;0.0346549
18.02.2022;4.00155;4.53177;5.44095;0.0347707
22.02.2022;4.01497;4.54763;5.45512;0.0348941
24.02.2022;4.13536;4.63024;5.53248;0.0358006
25.02.2022;4.11907;4.64053;5.52443;0.0356528
28.02.2022;4.19083;4.7023;5.6246;0.0364417
01.03.2022;4.26247;4.73966;5.68034;0.0370951
02.03.2022;4.27071;4.74882;5.72451;0.0369701
03.03.2022;4.35335;4.81752;5.80997;0.0377011
04.03.2022;4.47808;4.89675;5.9332;0.0390029
07.03.2022;4.58941;4.98145;6.01535;0.039791
08.03.2022;4.50282;4.90878;5.89845;0.0389268
09.03.2022;4.31329;4.77451;5.68683;0.0372232
10.03.2022;4.34979;4.77957;5.69188;0.0374546
11.03.2022;4.3837;4.78277;5.71427;0.0373873
14.03.2022;4.3336;4.73871;5.63684;0.0366394
15.03.2022;4.29305;4.70729;5.59946;0.0362837
16.03.2022;4.235;4.66626;5.56088;0.0356323
17.03.2022;4.2211;4.68283;5.55116;0.0356037
18.03.2022;4.26425;4.71193;5.61906;0.0357879
22.03.2022;4.2394;4.67693;5.62598;0.0349811
23.03.2022;4.2977;4.72846;5.67181;0.03549
24.03.2022;4.3384;4.77466;5.72288;0.0354482
25.03.2022;4.26385;4.68318;5.62053;0.0349235
28.03.2022;4.2721;4.69374;5.59439;0.0344819
29.03.2022;4.1976;4.65428;5.49791;0.0341589
30.03.2022;4.15915;4.64098;5.46315;0.0341259
31.03.2022;4.1994;4.64762;5.5174;0.0345101
01.04.2022;4.19311;4.6324;5.49866;0.0342189
04.04.2022;4.20735;4.61692;5.51856;0.0342638
05.04.2022;4.25918;4.6452;5.56865;0.0344581
06.04.2022;4.27549;4.65938;5.58698;0.0345377
07.04.2022;4.26049;4.63515;5.57087;0.0343684
08.04.2022;4.2576;4.6313;5.54924;0.034238
11.04.2022;4.28455;4.66335;5.58306;0.0341661
12.04.2022;4.2835;4.63833;5.57;0.0341633
13.04.2022;4.26091;4.64015;5.58903;0.0339
14.04.2022;4.28734;4.64269;5.60576;0.0340453
19.04.2022;4.30465;4.64474;5.59591;0.033385
20.04.2022;4.27767;4.64122;5.58829;0.0334266
21.04.2022;4.2799;4.63795;5.57823;0.0333289
22.04.2022;4.3115;4.65338;5.53061;0.0335416
25.04.2022;4.3356;4.64495;5.52531;0.0338313
26.04.2022;4.43295;4.71646;5.57365;0.0348448
27.04.2022;4.45955;4.70729;5.59282;0.0347086
28.04.2022;4.4692;4.69266;5.56847;0.0341528
06.05.2022;4.4677;4.71252;5.51432;0.0342234
09.05.2022;4.44358;4.69182;5.47893;0.0340854
10.05.2022;4.44525;4.68079;5.47492;0.0340794
11.05.2022;4.44315;4.67213;5.4431;0.034186
12.05.2022;4.4982;4.66948;5.48668;0.0350234
13.05.2022;4.5105;4.69169;5.52189;0.034877
16.05.2022;4.4645;4.6594;5.50113;0.0345872
17.05.2022;4.4109;4.65344;5.50997;0.0340964
18.05.2022;4.44138;4.64701;5.48122;0.0346122
19.05.2022;4.38775;4.64386;5.4747;0.0343453
20.05.2022;4.382;4.62622;5.47264;0.0342724
23.05.2022;4.31405;4.61159;5.43035;0.0337292
24.05.2022;4.2823;4.59628;5.36744;0.0337575
25.05.2022;4.30891;4.60243;5.42057;0.0338605
26.05.2022;4.2924;4.60647;5.40984;0.0337661
27.05.2022;4.26008;4.5726;5.38039;0.0335096
31.05.2022;4.2712;4.58432;5.38209;0.0331868
01.06.2022;4.30866;4.58988;5.37992;0.0331058
06.06.2022;4.28711;4.58502;5.37252;0.0325002
